end_time,start_time,text,threat_count,word_count,word_count_per_sec
2018-11-08 06:46:31-08:00,2018-11-08 06:44:31-08:00," sixty five area behind a wall . Or , you know , I'm gonna be out with one across from for about six hours across from the old river We're gonna be out with last Maguire first of just eleven . Eighty eight twelve from sixteen . You want to start with a firm with twenty on forever ? I'm gonna be  top of the old feather over our way for a girl out the back off the river ",0,371,3.091666666666667
2018-11-08 06:48:31-08:00,2018-11-08 06:46:31-08:00,,0,0,0.0
2018-11-08 06:50:31-08:00,2018-11-08 06:48:31-08:00,,0,0,0.0
2018-11-08 06:52:31-08:00,2018-11-08 06:50:31-08:00,,0,0,0.0
2018-11-08 06:54:31-08:00,2018-11-08 06:52:31-08:00,,0,0,0.0
2018-11-08 06:56:31-08:00,2018-11-08 06:54:31-08:00,,0,0,0.0
2018-11-08 06:58:31-08:00,2018-11-08 06:56:31-08:00,,0,0,0.0
2018-11-08 07:00:31-08:00,2018-11-08 06:58:31-08:00," Justin Maguire is clear and counting down from further Bernie chatting Find out for a little sixteen Gonna be a second left The more it first melody three innovating should be out of paradise twenty second Christopher James thousand five twenty seven eighty nine Correction on deal He'LL be five seven of eight coming , Orville sixteen thousand should be other RHIB Clear down I think Melody So it is clear me seventy  e  seventy  two or I'LL Fire  Have  is  a little time  requesting you know they've got fired but ",1,517,4.308333333333334
2018-11-08 07:02:31-08:00,2018-11-08 07:00:31-08:00, pointless .  The  ten a contact has been advised to go back to their city twelve twenty five You have public transport has been completed . ,0,141,1.175
2018-11-08 07:04:31-08:00,2018-11-08 07:02:31-08:00,,0,0,0.0
2018-11-08 07:06:31-08:00,2018-11-08 07:04:31-08:00," left thirty eleven , the one you're with and thirty seven having power line has been located on a road . I've Sam thirty seven road area . You have anyone for them to make ? They responded . NORD OROVILLE . Water Water for forty five OROVILLE ENGINE twenty one sixty one . What's the project is still on the augmentation request of North is putting together a possible response as well . Copying again access is gonna be an issue . So we get scouted out . Get one ENGINE . Very aware of that . Let's have twenty one , eighty six , twenty one , sixty seven Respond BERRY-CREEK twenty six and twenty one . Sixty one of the old area is just EVACUATE for breaking sixty one on FIRE one Cameron's hustled a second FIRE an area of road . Just CONCOW ,  Take  off your left . Keep twenty one eighty six , twenty one , sixty seven Upstairs and have fun responded Refrozen ! CONCOW ! L wrote that out . And just twenty one one OROVILLE . You confirming having twenty one eighty six Respond DURHAM Rose ! Was there anything further ? Twenty . Twenty one ? Fifty seven . That would be the immediate threat to the community . Wake someone up PHRASE . Twenty one eighty six , ninety one sixty seven . DANGER , Sign that report from road for a second star  forty ",5,1250,10.416666666666666
2018-11-08 07:08:31-08:00,2018-11-08 07:06:31-08:00," Oh ,  two have a little time ENGINE condition , one ENGINE . Anyone coming ? Thirty three hundred Entry into its structure at one five five twenty Lightman called  Throw that  Orville Medics Medically four seven , five , three Lincoln Boulevard .  Yeah .  one six seven Come up Landing mountain . You get little kids Walk in the road in a one on one side . Zero five twenty five Can anyone something ? Thirty three thousand Tradition trio to a structure at once . Five zero five five point timer across the Columbine Road and find a way  OROVILLE , ",2,550,4.583333333333333
2018-11-08 07:10:31-08:00,2018-11-08 07:08:31-08:00, Industry Ordell Medics Medical aid seven five three Lincoln Boulevard Cross male or female ? No . ,0,99,0.825
2018-11-08 07:12:31-08:00,2018-11-08 07:10:31-08:00," six  OROVILLE ENGINE can't afford in eighty one just takes that second call . We have a property owner . I live across the street . They will come back after and thirty three years early about numbers one five zero five five fifty , fifty five . Anyone cancels what ? Forty four , thirty ? Forty , forty five . Help ! OROVILLE , you're coming with us . NORD came out of the Katya photo to get a better look at it . I'm like , Yes ,  hundred eighty three friends just above a community of holding now heading directly towards home plate . And just one sixty one OROVILLE . You're cutting in and out of copies . Just pulled ahead in first contact with the rapid rate of spread . Two , three hundred . Here . I want  to do this .  way RICHVALE four seven three Virginia Cancel Really ",1,782,6.516666666666667
2018-11-08 07:14:31-08:00,2018-11-08 07:12:31-08:00," OROVILLE Transport , OROVILLE Transit Transport  One . Eighty multiple units transmitting twenty one twenty one multiple units translate to receive your traffic . Do you still twenty one . Forty one other unit with traffic or else Transport authority's en route for you ,  BIGGS .  Hopefully  it transmitting and the thirty three years  OROVILLE sixteen . Contact One ball . OROVILLE sixteen actually be out with three OROVILLE Club . Still down  there . Working on it right now .  OROVILLE in three years and things of structure built . Actually , we're turning back .  Oh ,  God , I have been on that corner  Thirty three thirteen and a half water for twenty five years .  Wanted ",0,683,5.691666666666666
2018-11-08 07:16:31-08:00,2018-11-08 07:14:31-08:00," OROVILLE . What ? Stand by for now . Point one sixty one , forty one , seventy six . Start a second . Forgot . It's already kind of cross in that area headed sort of CONCOW area . All of the resources pays state until we get a report back from Mum , that is twenty one . Can I see a coffee ? And this really is just medical resource quarter . We have to strike teams of ENGINE one from humbles one from last load off at the time . And what's getting news ? Not not . They're attacking . Can I see it The least . We can get something out of thirty zero . One hundred . There's also a type one helicopter Out of the way . God be with you . Overwater Under forty years , funding copy . FIRE lines down . State  transmitting any other year . Forty one eighteen for now . Toilet fifty one twenty one seventy six B . FIRE Full authority in that area headed towards CONCOW area . All of the resources needed to wait until we get a report back from Month twenty . One way of the one from couples . Want some low doc at this time ? Any news ? BERRY-CREEK  attended one reportedly FIRE last founding and customs and your mobile home Park . Seven . No . One . He's last in avenues . Bases one forty one forty two .  You just  colony's ",4,1225,10.208333333333334
2018-11-08 07:18:31-08:00,2018-11-08 07:16:31-08:00," sixty four instead of three companies that buy these twenty street . The male and female walking he found on twentieth from hearing about the female is getting a male . They're both walking together , but the female was still hitting . The males have a say on clothing . Giovanni , hurry , Teo seven . Ninety seven sixty four ninety seven seventy If there's any paper , physical way contamination . Wait ! We have another Pia advising that it was still crawling . They're getting on a bus nails and then report us . Yes . What ? I'm trying to get set up . Get on a number fourteen buses in front of FIRE Collision . Wait , I'LL try and call the line . What number fourteen It's going towards .  last in Abbottabad . Cause of that Florence SMOKE a whole part of space will be one forty two . FIRE  And in one report of a fire alarm sounding customs and mobile home park seven No . One , he's last in avenues bases one forty one forty two  female parking NORD  I  got off the phone . That way . That way . Help up there . I'm getting out . There are gonna be calling that are helping back . Well , comedy for communication . Going , going way Contact with now That up right now and then a contact that we have a warrant .  and one FIRE seven Last Navid Because with the whole it'LL be one forty two FIRE !  Thank you . All right . That's good for our hearts . Go  Any seven cut for the female ?  can't , But you can't be like the evacuation . Currently , if they have a mandatory evacuation for pulled it out of this , I have going way back . You could tell that we're likely to get an evacuation warning CONCOW , ",13,1613,13.441666666666666
2018-11-08 07:20:31-08:00,2018-11-08 07:18:31-08:00," Never remember Edwards wa ninety two a days , Another half hour  FIRE reply in places that you want Stop being a place of ENGINE here . Seven .  Many things for me . You guys were out for the season for with Miller Good  But wait twenty seven seventeen . Right . YANKEE-HILL . You're  confident all the residents out of four guys at a number of people . You know , when I get turned around and headed back the other way ?  Okay , that was ",2,440,3.6666666666666665
2018-11-08 07:22:31-08:00,2018-11-08 07:20:31-08:00," with two n's Alexander thirty nineteen ninety one  ninety seven . CHICO Returned . Thirty seven Tell our Valley has a follow that previously being suicidal . Hostile to beauty . Currently clear with contacts  every night . Say it . Animated washing is angry , but never had  many together . Male is clear . Got  Copy , Check . Local on Michael Harrigan , a thirteen of eighty Correction . Eight . Fifteen of eighteen . How's it going ? Something here . Get cleared . Get out ! BIGGS , It's also clear you copy right ? ",0,519,4.325
2018-11-08 07:24:31-08:00,2018-11-08 07:22:31-08:00," it . What are you ?  twenty six . He weighed notification and they were coming out twenty one seventy six down there . FIRE brother Down ! Rolling back into PHRASE . Wait , You're coming out of our way . Horrible twenty one EVACUATE ID if they have a representative a lot . Divide . The floor has been evacuated . If you could have them and then NORD starts going toward area . We're probably gonna have an evacuation in the Camelot area . Having fun entry . They work their way back towards God and have them have a representative . Would you like any EVACUATE ? Morning . We're working on it . Exact area is part of the first morning . Twenty five PHRASE . Wayne has that thing with you . Wait . What ?  Their personal ",3,722,6.016666666666667
2018-11-08 07:26:31-08:00,2018-11-08 07:24:31-08:00," apparently evacuated all of hold up over twenty one . Thank you .  Can you regard personnel calling overtime personnel now ? I don't know that yet , but contact locally . Way out . You can think for over time  Investigations on raw code three from the office  Call in a personal way . Help with exactly CONCOW . ",0,313,2.6083333333333334
2018-11-08 07:28:31-08:00,2018-11-08 07:26:31-08:00," I want you want Teo . Wait !  Twenty five . I think the subject on help . Boulevard near Hell . Go Avenue B m a black hat Black study crowd down in a ditch When the r p past  It's so number . Yeah . Three , five four three three , three zero .  SOUNDSLIKE . Can't you see he's just a warning Like the evacuation . Currently , if they have a mandatory evacuations , tow pulled them out of this . That's it . For now . I have . It's all really about . I can't you could tell that will likely begin evacuation . Forty . Additionally , he has devised that power softly out of the mountain , and it is on propane . OROVILLE Water two hundred twenty seven responding copy . Paralyzed Water for twenty seven years in a state of shooters on Highway seventy , BIGGS arrived second . You're confident all the residents are out of school ? Guy just had a number of years and I want to get turned around and had invested in the way . Okay , that was twenty one sixty one year . Always made . Notifications pulled up and they were coming out twenty one seventy six down their fires . Just put it down and roll . Exactly . Wait . Get some on the other side . There's a bigger problem . Once we get the fourth River three forces coming down a man's barn like taking hold . Highway seventeen . Horrible's just twenty one years responding to campus . Anyone care to hazard SMOKE ? A has been EVACUATE . They could have a representative cast the last trump . I can't divide . The sheriff called ahead . EVACUATE . Too personal . If you could have them there . Has there ever ? Resource is starts going towards Valeria . We're probably gonna have evacuation . The Camelot area can't be coming . Coming . This tree Sources CONCOW , CHEROKEE , That's history . Force their way back towards CONCOW . Have them have a representative . Would you like me ? EVACUATE ? Morning to the contrary . We're working on a factory in Vernon seven . Twenty Straight to the point where there were a couple . That power line on the savings would be a leader is not how it is company . What is your location ? OROVILLE . Transport money for us . Transfer twenty one forty . What ? OROVILLE . OROVILLE Prevention twenty one twenty seven . Responding camp . Is that it ? Perfect ? Twenty seven OROVILLE . Harland what you want ? Thank you . Can't you Catholic ? Can't buy ? Correct . On the incoming resource is one from samples with now . Zero nine hundred second strike unit will be from any you not lost yet . NORD Teo down Highway seventy and that's for sure . Science can't by CIA for peas . Shut down If we can buy starting an end point Highway seventy That on the other hand . Bye . Can you throw that coffee ? Yes . Highway seventy and ten on the of the end of which Canaria Belden FIRE . You're twenty one eighty six ,  ENGINE five . A report of an illegal burn in the area .  And  You were and then wait . Putting an end point We'LL be above on the other end . You broke up with me Area builder ",10,2965,24.708333333333332
2018-11-08 07:30:31-08:00,2018-11-08 07:28:31-08:00," it's five . A report of an illegal burn . Unknown address , please . Eighth Street and Fruit Road , Probably in the Belmont area . Unnoticed . Is the county address or not ? CHICO , FIRE zero seven twenty .  Radio FIRE come in .  and far way So far . Good .  Thank you  Five . A report of an illegal burn in the area . Five . Report of an illegal burn unknown address between Street and Bruce Road , possibly in the Belmont area . Unknown in this county address or not FIRE . Zero seven twenty eight  The  Just plain PHRASE right now . I'm gonna make you division . You are going to get ENGINE twenty one , sixty two , twenty one , eighty , twenty one , forty . ",4,663,5.525
2018-11-08 07:32:31-08:00,2018-11-08 07:30:31-08:00," CONCOW . EVACUATE , BIGGS . Thanks  FIRE years advising ninety seven  God  Stress One ENGINE one Medic . Traffic accident Probably four five vehicles involved . Southdown , Highway ninety nine , COHASSET ENGINE one and trust one . Traffic accident . Southdown Highway ninety nine ,  Unknown on injuries . We'LL be advising you to be at least forty five vehicles involved . CHICO , FIRE zero seven thirty .  An  was your biggest . I think you're making me years of it . You're getting ENGINE eighty years . One , two , three . And those tender twenty one forty NORD Good can't fight . They were reported to large thoughts in a yard and a resident and CONCOW with an address PHRASE . One , three , three , nine , zero , thirty three nights . Metal Springs Road  right now . I'm gonna make you You are going to get eighty two . Twenty one . You're making me twenty one eight , two one , three and twenty one forty . Thank you . Good . And I say we reported to lark pots and a yard . Residents and CONCOW ,  Come  FIRE available . Always wanted places at once and place . Event in one zero seven . Thirty . What number for ",7,1120,9.333333333333334
2018-11-08 07:34:31-08:00,2018-11-08 07:32:31-08:00," that It is .  FIRE division was  not responding to the accident here at seven . Thirty .  because  CHICO FIRE ,  interesting one . Traffic accident out on highway ninety nine COHASSET . I'm not on injuries . We'LL be advising you to be at least forty five vehicles . FIRE zero seven thirty two Take a FIRE ENGINE too available . Always wanted place Eventually ENGINE to a place of ENGINE one zero seven thirty years .  you haven't way  are inundated with nine eleven right now . Unable to do anything but meets The assistants will try to help it Just once  That's fine , OROVILLE . Twenty one thirteen . Before you  FIRE , you haven't way . Are inundated with nine eleven right now . Unable to do anything that needs assistance will try to help in this one . It isn't wants one world and were in league with .  I  no one wants . We're always gonna leave Gabi . Drug one going  FIRE ! Medic !  What  can't ",10,906,7.55
2018-11-08 07:36:31-08:00,2018-11-08 07:34:31-08:00," on . One , three , three , nine , zero , three , nineteen , twenty , forty Utility for waiting . What ? DURHAM , OROVILLE twenty one thirteen in service for years . OROVILLE Refund of the camp . Right , BIGGS , He was tryingto EVACUATE ENGINE NORD . Do you want  fifteen . Leave us with appropriate overhead . Really ? ENGINE sixty one . Earlier Resource requests fifteen ENGINE four water tender . Four can't fight . The OROVILLE started happening .  about ninety nine ?  It's  Okay . I  twenty five cover one point five i'll be ours one Happy twenty six twenty five  four ? They're all waiting for .  can't like the OROVILLE . Priority . Traffic done . Can't be reported . FIRE spreading structure three , four eight CONCOW NORD  The last I got you something  one where we're digging  the one where we're taking him down . Division wanted you were down . Looks like you're coming up on it .  Can't be OROVILLE , Did you coffee Report of a FIRE Standing to a structure three four , eight north of CONCOW CONCOW .  You  were bound for years ,  Last year it was traffic . You have information for FIRE and you have traffic . CHICO , FIRE !  FIRE ENGINE ! Do that scene of the south found and I just NORD COHASSET . We'LL be taking on injuries . One scene is lost . ",9,1265,10.541666666666666
2018-11-08 07:38:31-08:00,2018-11-08 07:36:31-08:00," forming a hardware on highway PHRASE . Today Break SOUNDSLIKE OROVILLE . Confirming it like he does like to make it back . Mandatory for CONCOW . Affirmative .  How the edge of one has seen as well  NORD , COHASSET or God . We checked on every general won and lost . How the edge of one has seen as well . Thirty six  FIRE FIRE five travelled around the area . Don't believe there's FIRE around you have further .  I list copying your traffic Brian Clear . Go !  EVACUATE warning for all night PARADISE Like the OROVILLE reported FIRE three , four , eight CONCOW NORD CONCOW SOUNDSLIKE OROVILLE . You coffee ? A report of a FIRE Spending three four eight , eight north of CONCOW . Additionally , I'm being BIGGS Point is going to be smooth . Coming . Wake up ! OROVILLE company like me make mandatory CONCOW .  They  last year . I got FIRE twenty one . Just  If  Sorry . Your radio broke your translation of the area . You feel anything ? We do not have any further on that one .  FIRE . FIRE travelled around the area . They don't believe they're FIRE around further . Sorry . Your radio broke your transmission from the of the area . And you feel anything way ? Do not have any further on that one .  DANGER .  Responding  Thank you .  want our reporting fires in the Kirby Kreager .  No way ! Where ?  Wait . All units respond to our savior for saving . And I have been waiting . ",12,1384,11.533333333333333
2018-11-08 07:40:31-08:00,2018-11-08 07:38:31-08:00," They twenty seven . What ? The devil four  I fail . Thank you . The thirty seventh FIRE WeII spent with US parties and all three of the first cars . Let me not injuries . There's another car a quarter mile south of our location . And don't want to take it on the down for their skin with them as well . Cancel Division one .  to our stage Four incidents Saving and Isis has been loosed YANKEE-HILL hardware on highway seventy seven PHRASE and thirty three OROVILLE . Are you available ? OROVILLE . There's a little thirty three . SMOKE . Thirty three , Company thirty three . Medics . Medical saying six to four . Five . Avery cross the road ENGINE . Anyone ? OROVILLE . Vicar one confirming  I wanted to have a non injury . Kept me one . About a quarter mile out is in one camp . Hillary .  I believe that for a division one way or another , Eagle  There is another car a quarter mile south of our location . And you want to check in on them ? down with everything with them as well . Cancel Division One  entering the Count CHEROKEE ",3,1036,8.633333333333333
2018-11-08 07:42:31-08:00,2018-11-08 07:40:31-08:00," for a division one condition one way or another Eagle . Understood , Citizen . When I copy . Have you got  misunderstood Instant Hail Citizen . When I copy  five BERRY-CREEK . Anyone firming respond that way . BERRY-CREEK saving kind . Taking over where ? One one zero zero seventeen .  But  FIRE . Yeah , we're at the second location Traffic collision that quarter mile cells of the first one . This is a separate accidents . Vehicles involved off the roadway . Non injuries . We'LL be in something with no exchange . Yes , Routers . They light up  mostly like coming in twenty one . Aatif . OROVILLE .  SMOKE ? SOUNDSLIKE ? Starting in twenty four eighty four . OROVILLE , I'm unable to get a hold of the icy roads . Wait just down here . I don't know if you can relate to you . At least five strike came down in this area . Kind of elderly people look up to him at all attacks and we got a structures are burning down here .  No ,  We'LL be in something with no exchange . You have beating around the site of Give me a call on advice . Very funny and tied up  morning . What was that warning were started highway and work our way up . They wanted it .  calling advises There is a phone in a tide of stand by  ninety seven ninety eight . Good . ",2,1248,10.4
2018-11-08 07:44:31-08:00,2018-11-08 07:42:31-08:00," I'm unable to give way . Really . At least five out of this area wait like many twenty one seven in the area to be more structures on time . Wei have five inches from the unit . Were about the incident . And any drinking like he does every location  that morning . What was that warning ? We're starting highway and work our way  by twenty one seven in the area Road report multiple structures on fire at this time requesting five to respond that we have five inches from the unit were about this city ENGINE . Any striking ? You can buy the ticket with that order . He was one of the starting a company posting CONCOW twenty one hundred . BIGGS . Delta can't be good . Yeah , just wait for spots across the lake on the north west side already . And that pretty well established . I like east or north of for the Lake  up . They wanted , but  Captain . Yeah . YANKEE-HILL  for Medical . One five four three  that was like NORD  FIRE . Be there momentarily . They were only wanted two out .  Yeah , for a visitor's arriving now . Thank you .  Has anyone dramatic medical physical leaving one , five , four three days Lane Tavern Haley ENGINE . Anyone applying to medical believe SMOKE checks going ? Tio SMOKE from the column . You're American ! One five four three fifteen forty three Anyone  take a higher seven forty three . ",6,1328,11.066666666666666
2018-11-08 07:46:31-08:00,2018-11-08 07:44:31-08:00," FIRE seven , forty three ,  I  CHICO , Agnes and the Great Here , let's start with us . Nothing . Never stand by forthem Mandatory evacuations . RICHVALE PHRASE PARADISE so that the zone three , eight , fourteen and lower . Cantrow two and everything north of Highway seventy . Mandatory evacuations .  Looks like you know what side of CONCOW , Alec or NORD away ? One , five , four three and anyone ? The American Medical difficulty breathing . One five , four , three eight Lane Tavern ailing You'LL find a medical believe Video SMOKE Anyone ordered any additional kids on that train here ? But with forty four sports , it is a country . Wait , don't ! Three , eight , four wait ! Seventy mandatory evacuations before ",5,721,6.008333333333334
2018-11-08 07:48:31-08:00,2018-11-08 07:46:31-08:00, forty three .  can't before sixty three and twenty one sixty for just twenty one . Sixty five . Sixty nine responded in camp staging and YANKEE-HILL hardware on highway seventy seven . Support  and place  called Just please . Division One ,0,240,2.0
2018-11-08 07:50:31-08:00,2018-11-08 07:48:31-08:00," that mandatory evacuation , everything throwed in . So what is the point ? Copy ? How far down ? FIRE ! FIRE on the roadway ! Sixty miles per hour . But there's still a lot of car come out . But you don't know that anyone ? You all myself in . Twenty eight , Tio  Last minute thing . OROVILLE for twenty five . Forty two for twenty five . Forty two . It was a fun fact imitation of campus , Carl . Thank you . Delta bility forty four DISPLAYAS Horrible forty nine from here on campus and twenty one six years from your camp .  Of course ,  Utility forty four BIGGS . Anyone coming on local point , OROVILLE unable ",5,615,5.125
2018-11-08 07:52:31-08:00,2018-11-08 07:50:31-08:00," Wei ,  I think Delta Are you local ? Fifty nine years , OROVILLE . I don't need anyone . Anyone . I see . Go ahead ,  ENGINE . Anyone ? Wait twenty one . One more . One more . A medical team waiting . One more . Three gay light on the camera . One , five , three . Never . Three and six foreign ways . OROVILLE . I can't I don't know .  to get out Green four above Camelot . I believe right now they don't have another great playoff . CONCOW , There you are With over people everywhere You go ahead . I'LL go check on  because of the address ",1,543,4.525
2018-11-08 07:54:31-08:00,2018-11-08 07:52:31-08:00," is one three , four , seven one , three , four Plainclothes CONCOW ! Wait ! NORD ! A lot of Wait . Teo , FIRE down here ! All right . Wait , OROVILLE ,  I  Have Ah , probably very large spot on the backside of George Hill Road area right now . OROVILLE Air Taxi was there . Where are you going ? Around campus . You know . What about the South Nature's close ? This little six One place stick Highpoint . Helicopters , Captain . Graders around OROVILLE along restores OROVILLE alarm  seventeen eighty two states  Division One place , please . Got it . One . Fire alarms seventeen . Eighty two days . One fire alarms one seven eight . Two states across the field . FIRE seven sixty three , seven  God can't fight the report of a possible entrapment . Harvey advising They cannot EVACUATE FIRE ! One three five to six , thirteen five twenty six Green Forest lane in the CONCOW area one three five , six green for Division's Delta . You copy that ? FIRE ? It's got traffic travelled at what ? Three , five six Green Forest Place . Can you sort that  out ? Yeah .  fifty . FIRE ! What color is it ?  When I couldn't copy your last case ,  can't write a report of a possible in our P s . I think they cannot EVACUATE FIRE . One , three , five , six , five , twenty six . Clean for plain in the CONCOW area Green . Four planes . Come on . Wait , wait , wait . Forty one . That that  Call the residents There .  I'LL head that way . Yes , outside . Wait ! Get down here ! Stop it ! Great ! You have four forty one sixteen SMOKE ",9,1522,12.683333333333334
2018-11-08 07:56:31-08:00,2018-11-08 07:54:31-08:00," FIRE ! We're looking color , isn't it ? When I couldn't copy your last call , the residents there copy Eagle Security's calling their lies and false alarm proper . Could cancel respond seven fifty four  Wait , CONCOW , Travis ninety three will travel till there . So three four year mandatory evacuations . Thirty seven going to wage war . I'm gonna really get out of Camelot . The one with Dong FIRE on the roadway around , which is a large open area . On my way . BUTTE-VALLEY forty for  The Eagle Security is calling . They're advising false alarm . Proper hood . Cancerous . Seven . Fifty four . ",3,601,5.008333333333334
2018-11-08 07:58:31-08:00,2018-11-08 07:56:31-08:00," NORD lacking around . Can you grow here ? Thanks . Five copies saving and I here now YANKEE-HILL seven twenty four . All units responding to saving for or at camp incident which you support for command used for for command . Your Katniss eleven FIRE twenty six . Idiot . OROVILLE Repeating all units responding to state for the campus with abuse for for command , you're back eleven point five . There's traffic .  command for command . You're pregnant . Eleven twenty six Order or beating all units responding to work for the man with four commands your eleven twenty five  ENGINE One time .  Thirty , seventy , one  just  hundred . I'm  OROVILLE can't bear attacks .  OROVILLE Point Life or part of it ,  OROVILLE planes in the trailer park . Wait , Theo ! But wait . Put off what you put on weight . ",2,804,6.7
2018-11-08 08:00:31-08:00,2018-11-08 07:58:31-08:00," a writer .  our home Got a vehicle ? One ninety two ninety nine for twenty five twelve . You're not ninety four , right ? I'll be there at eight hundred . ",0,156,1.3
2018-11-08 08:02:31-08:00,2018-11-08 08:00:31-08:00," Can it wait forty four ? Okay , that's one eight three one . One , eight , three one way . And there's that over there . Really ? GRIDLEY , FIRE !  You  can't like . Short way three nine , four , three .  One hundred twenty one forty . I'm forty four . Very glad you wanted to join a lot of their winter . Funny BERRY-CREEK Anyone's location for us . That's one eight three one one eight three one Appletini away . Eighteen . Thirty one apple anyway . The water center forty , forty two zero , eight hundred twenty . Thirty . Forty years our seventy one , twenty three . Fourteen YANKEE-HILL hardware one one three  four  wait FIRE with every night .  Thirty  nine quarters . Affirmative evacuation order is gonna pan to Morgan . Arranged everything .  Not  Wait it out . Have a little everything . Get down off the nineteen . Ninety Lowry . I can't wait it out that way . ",4,874,7.283333333333333
2018-11-08 08:04:31-08:00,2018-11-08 08:02:31-08:00," today .  NORD , Wait ! Two , seven  Do you want  so they're out . All right from here in seconds .  They look like in the way . Really ? Wait is under a mandatory evacuation way that way .  OROVILLE nicer ones back in and responding to the campfire . Thank you .  Wait a little bit . Here .  Two ,  five , five .  You ",3,319,2.658333333333333
2018-11-08 08:06:31-08:00,2018-11-08 08:04:31-08:00," No . Sorry . That's it .  know , hard work , OROVILLE .  Not  now for for community states . Airforce  On  the charge of confirming a staging area . Still YANKEE-HILL hard work  for  my hard work .  Well seventy lt out two at the library . That's right . Twenty five protectors .  Wait ! ",0,289,2.408333333333333
2018-11-08 08:08:31-08:00,2018-11-08 08:06:31-08:00," You really can't get over that violation . FIRE ! FIRE up to the house . Lower , lower . Wait . You don't know what you mean by that  Five . Medics responding . Medical difficulty breathing that wind time fifty five Spurs throwed units to five five . BUTTE-MEADOWS Sandy Medical difficulty breathing out When . Time . Eight five five Bruce Road , Unit numbers two , five , five CHICO FIRE Radio four .  with local residents . Way beyond where they need to survive those people . Tio , that way . Wait .  OROVILLE CONCOW The giant PHRASE twenty one . Is there a draft in Hoxton Road with soulful residence . He sighs Camelot . That's where they advise people .  You want to have a little music ? What do you want with  Oh , God !  that order ? Good Order three Medicated ",3,771,6.425
2018-11-08 08:10:31-08:00,2018-11-08 08:08:31-08:00, thirty three  All  brand .  Washing rich through once .  Wait a couple minutes . Seventy from sixteen years . Twenty two ninety eight . What ? Seventeen sixteen ? Twenty one b A ,0,179,1.4916666666666667
2018-11-08 08:12:31-08:00,2018-11-08 08:10:31-08:00," right , OROVILLE , for twenty five . Forty OROVILLE  NORD off highway seventy years PARADISE .  DURHAM loathe  Affirmative response . Teo CONCOW . That one , OROVILLE Water ten twenty seven , twenty seven , eight , eleven . CHEROKEE  building . There's that . Wait ,  DISPLAYAS fourteen . Thirteen . Can you give me a ten point one forty four ? Way to start off on the way . Don't preparation , Tonto . Here , Alec anymore . You know , we've got to go . Big GRIDLEY , work that work that way . Orlando , wait that way . That number FIRE forty NORD . Wait , Wait , CONCOW ! Thanks . Then I'LL go out there . And if I can get in our way like the organ , it was just that CONCOW school than getting all the kids out . CONCOW EVACUATE BERRY-CREEK with forty people on off . I don't know if I'm gonna be okay . FIRE ! Great ! Gone off with forty people . Great ! There . Wait it out ! Wait it out ! But that way ",2,908,7.566666666666666
2018-11-08 08:14:31-08:00,2018-11-08 08:12:31-08:00," wait it out . But wait .  NORD NORD Original  OROVILLE . Ready . Build a fire in the backyard .  Develop from the absolute .  Can  Thank you , everyone . Thirty one .  everyone available on apple for you ?  little stayed Lincoln a German and three Silverdale FIRE medical , blinking a camper History and l'm out .  I  pretty funny . FIRE Medic . Medical Aid , The corner of Lincoln and Dale . It's the corner of Lincoln and Jefferson Street ,  EVACUATE for one way . Traffic  Information . Priority . Thank you . You're not gonna be able to either . That one seventy three  evacuation ,  thirty one Campus . What ?  OROVILLE . Seven . I'm out with Behavior , Health and with two admirable bank on Myers just getting information code for ",6,738,6.15
2018-11-08 08:16:31-08:00,2018-11-08 08:14:31-08:00," OROVILLE ? For twenty five , forty four years .  get enough of you driving .  don't you ? Seven twelve , eleven five . Just confirming mandatory six seven thirteen and warning twelve eleven , five one . Good . You know what you look ? Hello . It trailed . The tributaries cleared your working down  Yeah . ",1,307,2.558333333333333
2018-11-08 08:18:31-08:00,2018-11-08 08:16:31-08:00," What ? Nothing .  Ninety nine down the line for tonight . Dylan , have twenty three . You get a location  Not FOREST-RANCH dozers straight into what's already been ordered .  in order . Evacuation mandatory . What ? In the morning ,  you need to  E a a a  that place PARADISE . What ?  grow in areas like BIGGS evacuation supporters for all their throats . Schools . We're gonna start evacuation orders . NORD Frank ,  At this point , I think I'm good with people . A  lot of it about I don't know what's  EVACUATE ",7,516,4.3
2018-11-08 08:20:31-08:00,2018-11-08 08:18:31-08:00," going on with you . Forty eight . Good on Camelot . Forty eight thirty nine . Account FIRE , They say when they can't think of the evacuation . EVACUATE . I got the event . More Bill Ridge mandatory . What was that ? A warning that loathe Working with FIRE . Wait . Forty five OROVILLE going FIRE PARADISE along road a barrel . I'm gonna need ten of your  ENGINE . Wait for me right now . BIGGS . DURHAM ? Yeah .  You like that ? And  Throughout areas like makes evacuations . Supporters for all of them throws ponderosa school . We're going to start EVACUATE quarters just north of PHRASE . NORD , EVACUATE NORD already in place Everything all the way down to the canyon . And also we're gonna need to make note of the Ponderosa Elementary School . EVACUATE that I like twenty one sixteen OROVILLE , you come up Support to camp . I see . For that report one incident forty five twenty three breaking forty five . Or don't go ahead with traffic College  God , he would have fired six . Also ",7,992,8.266666666666667
2018-11-08 08:22:31-08:00,2018-11-08 08:20:31-08:00,,0,0,0.0
2018-11-08 08:24:31-08:00,2018-11-08 08:22:31-08:00," ladies wear right on the property . Wait anywhere . Wait . Thank you . That was a It's over . You know , RICHVALE never , never Wait ! What's the best NORD Wagstaff if they are waiting for you ? FIRE again ! Wait NORD ! EVACUATE about half way  twenty five years . Very funny .  and just coming in for a shutoff CONCOW area . We have multiple lines . Wait , I don't have a utility forty for out here with FIRE . Like making a video run twenty one area . Come  up with a way . Wait ,  What's going on over here ? We have the adult is older shelters protect President inside the hospital area The power cut off CONCOW area We have and I have forty for out here with FIRE with twenty one . ",3,688,5.733333333333333
2018-11-08 08:26:31-08:00,2018-11-08 08:24:31-08:00," in a way I can't . Okay , FIRE e , you're efficient ! Way FIRE points off . No way ! Twenty one Wait ,  Wear something with a club  Wait ! Really that resource EVACUATE . You  like that  can like the OROVILLE That way . ",2,221,1.8416666666666666
2018-11-08 08:28:31-08:00,2018-11-08 08:26:31-08:00," Forty six St six to four . Six Street . Not answering . That was just twenty .  one before another one called  Thank you . Thirty three . Really ? Yeah .  They give you and up into the way . FIRE ! Back here , Behind behind Double area . Really back . So when you think of that  Not a thing . Three . Where you guys heading ? That way . All that crap ! They want FIRE !  forty six , if you don't mind ",2,402,3.35
2018-11-08 08:30:31-08:00,2018-11-08 08:28:31-08:00," working their way south of Flowery KELLY-RIDGE provided a monitor ,  wait In a way , that FIRE back way .  please . Physical . Elliot wrote seventy seven Elia Road . Burkett's auto repair . Wait , Dr Philip , Like squid  twenty one strand for twenty three . Forty six . Response to Camp David seventy five OROVILLE track United Golfing . If you don't find seventy special OROVILLE covered their wants . Twenty nine . That too medical seven nine seven . Elliot wrote It's not over . BUTTE-MEADOWS medical Possible cardiac seven nine seven Elliot Road , Berkus Auto Repair , please . Dr Fuller . Place twenty nine .  Yeah ,  like they're  fighting division are great pork . Teo Wayne CONCOW . Wait , Where were you ? Seven ? Back that ",1,734,6.116666666666666
2018-11-08 08:32:31-08:00,2018-11-08 08:30:31-08:00," fighting . Report Teo Criticsclaims , CONCOW Road Wei . Have any other tax for this area ?  I have been expecting a possible cardiac seven nine Elliot Road auto repair between writhe No other reason . PARADISE  way . EVACUATE like  ENGINE nine . Thirty three way . We're going to go out for a fire on the back station forty one and just one . Eighty five .  Twenty  a question that's not on your life .  one , eighty five , forty one ,  like here in Western No , really .  Watch for the local . Way hard over there .  fourteen today . Check PHRASE and three per medic . Negative . That would be it on Lincoln . All right , Exactly where they were  party . Separated . Seven , eleven , thirty five , sixty or *** . Full body made shirt with pink leopard print pants was drinking in public . And when the RPS has been told him to  stop ,  Station forty one and just one eighty five , twenty one , eighty five , forty one , four , three , twenty one . Available . Kansas ",3,969,8.075
2018-11-08 08:34:31-08:00,2018-11-08 08:32:31-08:00," What are you ? I need all day shift . Units . Respond tonight . PHRASE .  thirty two fifty  Yeah . Are you available ? Transport Animal , Or do you want to focus in on evacuation ? Fourteen , ninety , five hundred and forty two . Forty two . Fifty two showing on route to the river . It's like having FIRE human down the river . Wait , wait In a room with twenty eight points , you know forever  You got forty ? Yes , for myself . For a doubled up on the hill .  twenty one . We're coming in on a bird . You have it .  Three twenty one Respond  for golf thirty four twenty nine OROVILLE Home guard evacuated . First PARADISE FIRE . NORD Ridgeway over home Park is about NORD ",4,676,5.633333333333334
2018-11-08 08:36:31-08:00,2018-11-08 08:34:31-08:00," roll call . Wait ! FIRE Hospital and  SOUNDSLIKE We'LL be back with the left . Wait ,  wait . But really how good A hundred forty people evacuated coming up are Just find another river approximately one hundred forty seven to be evacuated . I think I've got at least another twelve in a room River . That's a lot for that .  he tried to attack him . He's currently walking away . He was still in the parking lot waiting . Twenty six . I asked Our medical needed is a client  You can't fight me . OROVILLE , Wait !  United fifty for golf SOUTH-OROVILLE . Thank you . Thank you , everyone . Nineteen thirty one . Charlie OROVILLE , thirty one Charlie three . Thirty four , forty two  OROVILLE Place NORD . A lot of things  spot ",1,727,6.058333333333334
2018-11-08 08:38:31-08:00,2018-11-08 08:36:31-08:00," Oh , wait ! Theo River got a third of their faces . Get transported out . We've got deputies and staff providing free and low  doing your NORD come back . Okay , wait Well , you know ,  or like  forty four really in there ?  one of the river . You know what ? The transport van . Before that , it was worth it . People in the river of fire is with downers . Hopefully in a forty six three together . Other very wearing thirty two jail to replace  Hurry on . Several million on you and you FIRE .  really place  for EVACUATE that have lost everything .  I don't know .  on the road . Wait eleven FIRE twenty six . You have five , man .  You're kind of unreadable . Where's that horrible  and  Anyone ",3,700,5.833333333333333
2018-11-08 08:40:31-08:00,2018-11-08 08:38:31-08:00, I have my car . Seventy four have nowhere to go  EVACUATE  it and then it also anyone sixty three on Lancaster's story on Lancaster doesn't have a vehicle  point .  And they want the medics . Medical three forty dollars avenue . And you want the medics ? Medical Three forty Calibers . Avenue ng Any Flynn Bridge is gonna be on the bypass close to the station . Not moving a thirty eight ,0,389,3.2416666666666667
2018-11-08 08:42:31-08:00,2018-11-08 08:40:31-08:00," like wait PHRASE  company ? SOUNDSLIKE .  they want the medics . Medical three forty caliber avenue . Any Flynn bridge is gonna be on the bike . He's not moving a thirty eight  NORD  OROVILLE forty one  forty  We don't either . Yet we're working on that FIRE aboutthe , but don't wear home FIRE right here waiting in the road and the PARADISE structures on fire . You're not even have a retirement home on the patio . We won . Where do you want closure ? That way For requesting a road closure .  Twenty one eighty five . Thank you .  one . Start NORD . Coming around  is  over . Wait , wait ",3,593,4.941666666666666
2018-11-08 08:44:31-08:00,2018-11-08 08:42:31-08:00, forty three  and to the right . And somebody is highway . And we're shutting down the drain .  Twenty nine .  He goes up in people from head to tail . ,0,152,1.2666666666666666
2018-11-08 08:46:31-08:00,2018-11-08 08:44:31-08:00," BUTTE-VALLEY way . You can scream . Really cool . Construed in highway seventy four forty three .  Hello . What are clear ? What's going on ? Closure . Knowing a lot of that . All right . KELLY-RIDGE the return of the one four five there . We're working on it with Wait , let me know . Thirty years coming early . You don't know . Or sixty nine ninety five for the north of the park . Wait for one . One for CONCOW Coordinating a pick up .  One hundred seven twenty nine three seven . I have one  Wait ! No PARADISE Tio I  What's going on ?  twenty one five . FIRE County FIRE fellas . Carl PHRASE A new Spring Valley School intro to Highway seventy Camp camp operations for forty three forty one OROVILLE PHRASE you can't . You have covered forty pound PARADISE . All the resources committed to Kansas . Everyone comfy ?  don't know thirty four NORD That vision that way Of course . Down well nor comfort  ENGINE forty one . Public vehicles to Debbie Late KELLY-RIDGE . Very rude . ",3,984,8.2
2018-11-08 08:48:31-08:00,2018-11-08 08:46:31-08:00," Stand by . EVACUATE morning , probably within a few hours .  Probably within a few hours . Wait ! The greatest order I would get going with an order is Give me a boundary . Everything Rose Order !  They don't want to wait NORD !  Second way ! Believe it ! Bart , follow me  Okay , Yeah , it's coming . It's coming up . FIRE NORD  hundred coming years . That infection .  Start there !  OROVILLE under nine one forty six .  Do you want ?  Weighs  BERRY-CREEK information I got Meryl . EVACUATE NORD pounds over weight thirty four Over and  FIRE to find a way . ",2,561,4.675
2018-11-08 08:50:31-08:00,2018-11-08 08:48:31-08:00," Can you hear me ?  out . Coordinate with the unis Went south Flower where ? They're out on the evacuation . BERRY-CREEK FIRE Mobile Over  thirty area on the bike path between first and mangrove down . Rosa . Nothing found direction . Otherwise unable to locate Wei have is on the bike path close to the bridge and subject was not moving but appears to be breathing . I have no further information and no number that called  PHRASE Wage war on the planet  get  that you're having  the medics available available for the night .  Don't  here ! Medic One for two . CONCOW won one for CONCOW . I've got a mandatory evacuation order four , five , eleven And all the way from MAGALIA Everything there get it open for the road lane out of PARADISE without traffic  locked up on the way . All the way through ",7,802,6.683333333333334
2018-11-08 08:52:31-08:00,2018-11-08 08:50:31-08:00," Do you want the ways of the area on the bike path to becoming a person ? BANGOR Palabras . Nothing . Directions Otherwise unable to locate . The only thing we have is on the bike path close to the bridge . And this effect was not moving but appear to be breathing . I have no further information and no number . The call back . And when I say I can copy , we have four inundated with my woman calls from this guy . Are you available from Alberta Available for the night .  CHICO Highway . Are we diverting a different direction , Teo ?  DURHAM . Can your old donations back ? Twenty six , twenty seven , twenty eight . Wasting your shortly in in in its name . Three , two like that .  PHRASE . Five .  Twenty six , twenty seven , twenty eight . It also has one GRIDLEY responding and sort of fifteen . Like ",0,808,6.733333333333333
2018-11-08 08:54:31-08:00,2018-11-08 08:52:31-08:00, They actually have the whole town on fire . They still want to go up  Wait . Double park for Park Road . ,1,106,0.8833333333333333
2018-11-08 08:56:31-08:00,2018-11-08 08:54:31-08:00," PARADISE Way have a heart closure proved that warning Upper Honey , there's only one way he'LL go for more than just three of the four Hey , run ! Lower down ! Part five four three Park Road Wait five four , three Park road Wait ! We're still working on that way . Haven't gotten or or FIRE NORD OROVILLE going traveling BANGOR A separate unit device somewhere . EVACUATE it . Go again for the retirement Home delivery EVACUATE Rude working Go back You don't find gold Liggio NORD So I'm stuck here on the barrel right now There's no work people NORD  I think we're going with Wake up that way So waking up  Pretty  that . Mobile home park . Five four three , six Part Road fifty two , if you want Utilities four four FIRE . Norman OROVILLE Medical . A straight road PHRASE Medic seventy .  twenty  good . FIRE fight here on Apple Way  twenty nine . One hundred when you get here . Gonna have you on my way yourself . Dominic , too . Divert traffic thirty seven When I once we get additional assets , will need a couple more here with conversation . One hundred twenty . And it's completely backed up . I know it now , but if you feel like it , Dominic , cover if you want . Just work on the oncoming side up here . CHICO  one hundred eighty seven , I got forty seven locations .  Good morning . That way . Yeah , it's Booth  Just  one eighty five OROVILLE FIRE Medic Responding , Confirming highway ninety nine ",6,1413,11.775
2018-11-08 08:58:31-08:00,2018-11-08 08:56:31-08:00," Come here . Get on here . Bruce , divert traffic back down on highway towards the freeway . Supporters of HONCUT  information clarified that they do not want anybody coming up fast on highway number selling at Guy Lambert . It says a lot of traffic for people that are evacuating family , but I don't know howto They're gonna be able to make it that far .  twenty one eighty five . OROVILLE NORD . Stop messing around the right Size one available on contact . Way to get out of the way .  Did  Uh , sixteen individuals said it that way . It helps the evacuation . Let them know we're on our way and , uh , confirms the hips around to help you down .  anyone Affirmative response ? Seventeen impressions .  I believe so . You have a guest ?  Got that one ? What do we owe you ? Find NORD . Find us Order for help . Wait what they had And we're working on twenty four . That's very companies . What ? Playing it like they found on Park Teo packed up that radio priority . Why didn't you ever go ? Wait , Wait BERRY-CREEK route All available resources .  Funny  No one wants to go with that  Thirty seven tries . That firm . They're on the way . You know what has to take over that ? And have we heard anything about Shut down ! How ? A thirty two . You know how When he went up towards you ,  I heard anything about it . But it is like a canyon here . Look out ! ",3,1362,11.35
2018-11-08 09:00:31-08:00,2018-11-08 08:58:31-08:00,,0,0,0.0
2018-11-08 09:02:31-08:00,2018-11-08 09:00:31-08:00," Way to go . Wait ! All units all units fifty seven million patients evacuated . Wait ! Coming out on route going . Tio for work in three work is wanting to get out of the river Clear Feather River Mother Either we're home and I've got to go . It's right behind the river . What are you gonna get home ? Get back ! You and your home Any minute Care home Made it clear to go . Yes ,  United traffic is backed up .  forty one OROVILLE , You copies for the twenty twenty twenty one twenty Meadows Valley . How ? OROVILLE ? Twenty one Here . You wanted to  Wait ! Priority going down ? Wait ! ",0,589,4.908333333333333
2018-11-08 09:04:31-08:00,2018-11-08 09:02:31-08:00," Double FIRE now ! Forty eight Which road is that ? Hello , CONCOW Zero visibility in the heart area . That way . How was patrol ? They're allocated First request  seventy four seventy one twenty one PARADISE FIRE twenty No  ENGINE . I really want ",3,248,2.066666666666667
2018-11-08 09:06:31-08:00,2018-11-08 09:04:31-08:00," that Leaving the hospital . We'LL have to try exports . Please wait Come on Clark Clark Like I like that idea . Forty six , forty six and twenty two Daniel Parker Billy , I need two more that way . That filling Wait Really ? That way What are you wearing ? A parka ? Billy FIRE ! CHICO , wait ! Wait before moving Moving way Traffic moving now ! Never all traffic to be moving All traffic moving way NORD found my way First traffic moving now You  good . Open a plane and get everybody out For all  in all waiting to be opened for south bound traffic again . Always skyway need to be open for outbound traffic . You want to Harry  is crossing a road at Fourth Glen Road Road at FOREST-RANCH Road on the road ",1,709,5.908333333333333
2018-11-08 09:08:31-08:00,2018-11-08 09:06:31-08:00," The north wind But you told you Now hold It's clear , I think Wait No more traffic way Get closure closed forever Wait , Here's closure for ",0,141,1.175
2018-11-08 09:10:31-08:00,2018-11-08 09:08:31-08:00, that'LL be the road area . Thank you . ,0,40,0.3333333333333333
2018-11-08 09:12:31-08:00,2018-11-08 09:10:31-08:00," What are you ? Wait now that CONCOW way Contact with County rib CONCOW . Wait ! I'm sorry . I don't know where that being CONCOW is still the hardware store NORD Drink completely alone , of course . Wait ! Mark Count twenty five . Fifty four billion twenty seven Billy Traffic FIRE twenty six . Center  is gathering in the forest Will not go our way . Need not have people vocal winning Move them out of town .  Cardin forty six , Double going . There's no traffic there . Well , we're kind of stuck in here  on a barrel of that sort MAGALIA area . So wait , I don't like the way My recommendation is everything from from the way ",1,631,5.258333333333334
